number_of_comments,number_of_cascades,,lifetime(minutes),number_of_cascades,,percent_lifetime,mean_comments_observed,,percent_lifetime,median_comments_observed,
0,2524,,0,11189,,0.0,0.00013165956226454447,,0.0,0.0,
1,6963,,15,803,,2.5,0.2186249852618115,,2.5,0.14285714285714285,
2,1979,,30,495,,5.0,0.31495209316062905,,5.0,0.25,
3,1406,,45,382,,7.5,0.3838386896654635,,7.5,0.3333333333333333,
4,1039,,60,271,,10.0,0.4377851576865625,,10.0,0.4,
5,836,,75,242,,12.5,0.4822228743753157,,12.5,0.4666666666666667,
6,625,,90,209,,15.0,0.5196465457448319,,15.0,0.5,
7,523,,105,176,,17.5,0.5527634740743088,,17.5,0.5555555555555556,
8,388,,120,151,,20.0,0.581071326746962,,20.0,0.6,
9,361,,135,149,,22.5,0.6072333533727673,,22.5,0.6363636363636364,
10,276,,150,153,,25.0,0.6290746932757496,,25.0,0.6666666666666666,
11,236,,165,135,,27.5,0.6480942178289442,,27.5,0.6923076923076923,
12,174,,180,109,,30.0,0.6665161901322614,,30.0,0.7058823529411765,
13,151,,195,113,,32.5,0.686308706897673,,32.5,0.7272727272727273,
14,114,,210,98,,35.0,0.7027678397537781,,35.0,0.75,
15,93,,225,77,,37.5,0.718635731499406,,37.5,0.7692307692307693,
16,75,,240,89,,40.0,0.7328080997119902,,40.0,0.7894736842105263,
17,72,,255,84,,42.5,0.7462012756571732,,42.5,0.8,
18,77,,270,90,,45.0,0.7583846608168622,,45.0,0.8134715025906736,
19,45,,285,68,,47.5,0.7698549284741242,,47.5,0.8181818181818182,
20,40,,300,88,,50.0,0.7803425295638661,,50.0,0.8333333333333334,
21,42,,315,66,,52.5,0.7902096626175095,,52.5,0.8461538461538461,
22,32,,330,62,,55.0,0.799882664633922,,55.0,0.85,
23,40,,345,50,,57.5,0.810389224650332,,57.5,0.8611111111111112,
24,34,,360,54,,60.0,0.8186923385038615,,60.0,0.8695652173913043,
25,29,,375,73,,62.5,0.8262477603147711,,62.5,0.8823529411764706,
26,13,,390,65,,65.0,0.8353135946212153,,65.0,0.8947368421052632,
27,22,,405,61,,67.5,0.8437385631388395,,67.5,0.9,
28,16,,420,48,,70.0,0.8504092871320824,,70.0,0.9,
29,12,,435,46,,72.5,0.8577757733825268,,72.5,0.9,
30,18,,450,65,,75.0,0.8641846116240417,,75.0,0.90625,
31,7,,465,44,,77.5,0.8716215011044043,,77.5,0.9090909090909091,
32,9,,480,46,,80.0,0.878456377926164,,80.0,0.9090909090909091,
33,16,,495,49,,82.5,0.8861377468635063,,82.5,0.9090909090909091,
34,12,,510,47,,85.0,0.8921729932411734,,85.0,0.9166666666666666,
35,4,,525,43,,87.5,0.8980004597843042,,87.5,0.9166666666666666,
36,8,,540,57,,90.0,0.9044793033281955,,90.0,0.9166666666666666,
37,8,,555,43,,92.5,0.9114371851107766,,92.5,0.9230769230769231,
38,5,,570,44,,95.0,0.9182585079685545,,95.0,0.9230769230769231,
39,13,,585,46,,97.5,0.924970493292082,,97.5,0.9259259259259259,
40,11,,600,43,,100.0,1.0,,100.0,1.0,
41,7,,615,35,,,,,,,
42,5,,630,30,,,,,,,
43,5,,645,39,,,,,,,
44,4,,660,38,,,,,,,
45,2,,675,38,,,,,,,
46,5,,690,45,,,,,,,
47,4,,705,40,,,,,,,
48,2,,720,32,,,,,,,
50,5,,735,30,,,,,,,
51,3,,750,33,,,,,,,
52,1,,765,30,,,,,,,
53,3,,780,27,,,,,,,
54,2,,795,35,,,,,,,
55,5,,810,29,,,,,,,
56,1,,825,38,,,,,,,
57,1,,840,33,,,,,,,
58,3,,855,36,,,,,,,
59,3,,870,27,,,,,,,
61,3,,885,29,,,,,,,
62,1,,900,38,,,,,,,
63,4,,915,19,,,,,,,
64,2,,930,22,,,,,,,
65,4,,945,28,,,,,,,
66,1,,960,22,,,,,,,
67,1,,975,23,,,,,,,
68,2,,990,16,,,,,,,
69,4,,1005,21,,,,,,,
70,2,,1020,21,,,,,,,
71,2,,1035,14,,,,,,,
72,3,,1050,22,,,,,,,
73,1,,1065,27,,,,,,,
74,2,,1080,18,,,,,,,
75,2,,1095,18,,,,,,,
77,4,,1110,19,,,,,,,
78,1,,1125,27,,,,,,,
79,1,,1140,27,,,,,,,
80,4,,1155,18,,,,,,,
81,2,,1170,18,,,,,,,
82,2,,1185,12,,,,,,,
84,1,,1200,19,,,,,,,
85,1,,1215,17,,,,,,,
86,1,,1230,28,,,,,,,
89,4,,1245,15,,,,,,,
90,2,,1260,19,,,,,,,
91,3,,1275,22,,,,,,,
92,1,,1290,23,,,,,,,
96,2,,1305,13,,,,,,,
97,1,,1320,17,,,,,,,
98,1,,1335,19,,,,,,,
99,1,,1350,17,,,,,,,
103,1,,1365,21,,,,,,,
104,1,,1380,11,,,,,,,
105,2,,1395,17,,,,,,,
106,1,,1410,14,,,,,,,
107,2,,1425,20,,,,,,,
108,3,,1440,15,,,,,,,
110,1,,1455,24,,,,,,,
111,1,,1470,16,,,,,,,
112,2,,1485,18,,,,,,,
113,1,,1500,11,,,,,,,
115,1,,1515,12,,,,,,,
116,1,,1530,16,,,,,,,
118,1,,1545,17,,,,,,,
119,1,,1560,9,,,,,,,
121,1,,1575,8,,,,,,,
122,2,,1590,9,,,,,,,
125,2,,1605,13,,,,,,,
128,1,,1620,12,,,,,,,
129,1,,1635,14,,,,,,,
131,1,,1650,8,,,,,,,
133,2,,1665,8,,,,,,,
136,1,,1680,10,,,,,,,
137,1,,1695,12,,,,,,,
138,1,,1710,8,,,,,,,
142,1,,1725,11,,,,,,,
144,1,,1740,5,,,,,,,
148,1,,1755,10,,,,,,,
151,1,,1770,7,,,,,,,
155,1,,1785,3,,,,,,,
156,1,,1800,9,,,,,,,
158,1,,1815,8,,,,,,,
160,1,,1830,5,,,,,,,
163,1,,1860,6,,,,,,,
169,2,,1875,5,,,,,,,
171,1,,1890,4,,,,,,,
175,1,,1905,5,,,,,,,
179,1,,1920,4,,,,,,,
189,1,,1935,4,,,,,,,
193,2,,1950,2,,,,,,,
195,1,,1965,6,,,,,,,
196,1,,1980,8,,,,,,,
199,1,,1995,3,,,,,,,
222,1,,2010,6,,,,,,,
226,2,,2025,3,,,,,,,
228,1,,2040,6,,,,,,,
230,1,,2055,4,,,,,,,
236,1,,2070,8,,,,,,,
237,2,,2085,6,,,,,,,
240,1,,2100,4,,,,,,,
247,1,,2115,3,,,,,,,
248,1,,2130,2,,,,,,,
251,1,,2145,7,,,,,,,
254,2,,2160,5,,,,,,,
257,1,,2175,6,,,,,,,
265,1,,2190,2,,,,,,,
266,1,,2205,5,,,,,,,
267,1,,2220,4,,,,,,,
272,1,,2235,5,,,,,,,
273,1,,2250,2,,,,,,,
274,1,,2265,5,,,,,,,
275,1,,2280,3,,,,,,,
283,1,,2295,6,,,,,,,
289,1,,2310,2,,,,,,,
294,1,,2325,2,,,,,,,
300,1,,2340,2,,,,,,,
306,1,,2355,3,,,,,,,
308,1,,2370,5,,,,,,,
324,1,,2385,2,,,,,,,
335,1,,2400,1,,,,,,,
355,1,,2415,7,,,,,,,
357,1,,2430,2,,,,,,,
358,1,,2445,2,,,,,,,
362,1,,2460,2,,,,,,,
365,1,,2475,3,,,,,,,
369,1,,2490,5,,,,,,,
385,1,,2505,4,,,,,,,
387,1,,2520,1,,,,,,,
411,1,,2535,6,,,,,,,
423,1,,2550,6,,,,,,,
431,1,,2565,7,,,,,,,
438,1,,2580,2,,,,,,,
443,1,,2595,4,,,,,,,
452,1,,2610,1,,,,,,,
468,1,,2625,5,,,,,,,
492,1,,2640,2,,,,,,,
529,1,,2655,3,,,,,,,
560,1,,2670,1,,,,,,,
564,1,,2685,2,,,,,,,
568,1,,2700,1,,,,,,,
571,1,,2715,2,,,,,,,
584,1,,2730,2,,,,,,,
600,1,,2745,6,,,,,,,
654,1,,2760,2,,,,,,,
663,1,,2775,1,,,,,,,
664,1,,2790,5,,,,,,,
669,1,,2805,2,,,,,,,
671,1,,2820,3,,,,,,,
692,1,,2835,3,,,,,,,
694,1,,2850,5,,,,,,,
697,1,,2865,3,,,,,,,
711,1,,2880,6,,,,,,,
737,1,,2910,5,,,,,,,
738,1,,2925,2,,,,,,,
768,1,,2940,3,,,,,,,
865,1,,2955,2,,,,,,,
866,1,,2970,1,,,,,,,
874,1,,2985,2,,,,,,,
914,1,,3000,1,,,,,,,
960,1,,3015,4,,,,,,,
1005,1,,3030,3,,,,,,,
1006,1,,3045,1,,,,,,,
1081,1,,3060,5,,,,,,,
1098,1,,3075,4,,,,,,,
1111,1,,3090,2,,,,,,,
1131,1,,3105,4,,,,,,,
1204,1,,3120,3,,,,,,,
1214,1,,3135,1,,,,,,,
1287,1,,3150,2,,,,,,,
1549,1,,3165,2,,,,,,,
1589,1,,3195,2,,,,,,,
1655,1,,3225,2,,,,,,,
1833,1,,3240,5,,,,,,,
2449,1,,3255,2,,,,,,,
,,,3270,2,,,,,,,
,,,3285,1,,,,,,,
,,,3330,1,,,,,,,
,,,3345,1,,,,,,,
,,,3360,2,,,,,,,
,,,3420,1,,,,,,,
,,,3435,1,,,,,,,
,,,3450,1,,,,,,,
,,,3465,1,,,,,,,
,,,3480,1,,,,,,,
,,,3495,1,,,,,,,
,,,3510,1,,,,,,,
,,,3525,1,,,,,,,
,,,3540,2,,,,,,,
,,,3555,1,,,,,,,
,,,3570,1,,,,,,,
,,,3600,1,,,,,,,
,,,3615,1,,,,,,,
,,,3645,3,,,,,,,
,,,3660,3,,,,,,,
,,,3675,3,,,,,,,
,,,3690,1,,,,,,,
,,,3705,3,,,,,,,
,,,3720,1,,,,,,,
,,,3750,3,,,,,,,
,,,3765,3,,,,,,,
,,,3780,1,,,,,,,
,,,3810,2,,,,,,,
,,,3825,1,,,,,,,
,,,3840,1,,,,,,,
,,,3855,1,,,,,,,
,,,3870,3,,,,,,,
,,,3885,1,,,,,,,
,,,3900,1,,,,,,,
,,,3930,1,,,,,,,
,,,3975,1,,,,,,,
,,,3990,1,,,,,,,
,,,4020,3,,,,,,,
,,,4035,1,,,,,,,
,,,4050,1,,,,,,,
,,,4065,2,,,,,,,
,,,4095,3,,,,,,,
,,,4110,2,,,,,,,
,,,4125,1,,,,,,,
,,,4140,1,,,,,,,
,,,4155,1,,,,,,,
,,,4170,1,,,,,,,
,,,4185,1,,,,,,,
,,,4215,4,,,,,,,
,,,4245,1,,,,,,,
,,,4260,1,,,,,,,
,,,4290,1,,,,,,,
,,,4320,1,,,,,,,
,,,4335,1,,,,,,,
,,,4350,2,,,,,,,
,,,4365,3,,,,,,,
,,,4380,1,,,,,,,
,,,4410,2,,,,,,,
,,,4440,1,,,,,,,
,,,4470,2,,,,,,,
,,,4485,1,,,,,,,
,,,4530,2,,,,,,,
,,,4545,2,,,,,,,
,,,4620,1,,,,,,,
,,,4635,3,,,,,,,
,,,4665,1,,,,,,,
,,,4680,4,,,,,,,
,,,4695,2,,,,,,,
,,,4710,1,,,,,,,
,,,4770,2,,,,,,,
,,,4785,1,,,,,,,
,,,4800,1,,,,,,,
,,,4815,3,,,,,,,
,,,4890,2,,,,,,,
,,,4920,1,,,,,,,
,,,4965,1,,,,,,,
,,,5025,1,,,,,,,
,,,5040,1,,,,,,,
,,,5175,2,,,,,,,
,,,5205,1,,,,,,,
,,,5220,1,,,,,,,
,,,5250,1,,,,,,,
,,,5265,1,,,,,,,
,,,5280,2,,,,,,,
,,,5325,1,,,,,,,
,,,5355,1,,,,,,,
,,,5370,1,,,,,,,
,,,5400,2,,,,,,,
,,,5430,1,,,,,,,
,,,5445,1,,,,,,,
,,,5460,1,,,,,,,
,,,5475,1,,,,,,,
,,,5505,2,,,,,,,
,,,5520,1,,,,,,,
,,,5535,1,,,,,,,
,,,5550,1,,,,,,,
,,,5625,2,,,,,,,
,,,5655,1,,,,,,,
,,,5700,1,,,,,,,
,,,5715,2,,,,,,,
,,,5730,1,,,,,,,
,,,5760,2,,,,,,,
,,,5790,1,,,,,,,
,,,5805,3,,,,,,,
,,,5820,1,,,,,,,
,,,5835,1,,,,,,,
,,,5850,1,,,,,,,
,,,5925,1,,,,,,,
,,,5970,2,,,,,,,
,,,6015,1,,,,,,,
,,,6060,1,,,,,,,
,,,6075,1,,,,,,,
,,,6105,1,,,,,,,
,,,6120,1,,,,,,,
,,,6210,1,,,,,,,
,,,6225,2,,,,,,,
,,,6240,1,,,,,,,
,,,6300,1,,,,,,,
,,,6390,2,,,,,,,
,,,6405,1,,,,,,,
,,,6465,2,,,,,,,
,,,6480,1,,,,,,,
,,,6525,1,,,,,,,
,,,6555,1,,,,,,,
,,,6585,1,,,,,,,
,,,6645,1,,,,,,,
,,,6675,1,,,,,,,
,,,6705,1,,,,,,,
,,,6720,1,,,,,,,
,,,6855,1,,,,,,,
,,,6975,1,,,,,,,
,,,7035,1,,,,,,,
,,,7065,1,,,,,,,
,,,7140,1,,,,,,,
,,,7185,1,,,,,,,
,,,7230,1,,,,,,,
,,,7260,1,,,,,,,
,,,7335,1,,,,,,,
,,,7350,1,,,,,,,
,,,7380,1,,,,,,,
,,,7395,2,,,,,,,
,,,7410,1,,,,,,,
,,,7500,1,,,,,,,
,,,7515,1,,,,,,,
,,,7560,1,,,,,,,
,,,7575,1,,,,,,,
,,,7590,1,,,,,,,
,,,7665,1,,,,,,,
,,,7725,2,,,,,,,
,,,7800,1,,,,,,,
,,,8010,1,,,,,,,
,,,8040,1,,,,,,,
,,,8100,1,,,,,,,
,,,8250,1,,,,,,,
,,,8415,1,,,,,,,
,,,8520,2,,,,,,,
,,,8535,1,,,,,,,
,,,8550,1,,,,,,,
,,,8580,1,,,,,,,
,,,8595,1,,,,,,,
,,,8640,1,,,,,,,
,,,8700,1,,,,,,,
,,,8715,1,,,,,,,
,,,8805,1,,,,,,,
,,,8955,1,,,,,,,
,,,9000,1,,,,,,,
,,,9030,1,,,,,,,
,,,9075,1,,,,,,,
,,,9135,1,,,,,,,
,,,9150,1,,,,,,,
,,,9255,1,,,,,,,
,,,9435,1,,,,,,,
,,,9585,1,,,,,,,
,,,9615,1,,,,,,,
,,,9690,2,,,,,,,
,,,9825,1,,,,,,,
,,,9855,1,,,,,,,
,,,9975,1,,,,,,,
,,,10110,1,,,,,,,
,,,10155,1,,,,,,,
,,,10215,1,,,,,,,
,,,10365,1,,,,,,,
,,,10455,1,,,,,,,
,,,10710,1,,,,,,,
,,,10845,1,,,,,,,
,,,10860,1,,,,,,,
,,,10905,1,,,,,,,
,,,11130,1,,,,,,,
,,,11175,1,,,,,,,
,,,11265,1,,,,,,,
,,,11415,1,,,,,,,
,,,11460,1,,,,,,,
,,,11475,1,,,,,,,
,,,12195,1,,,,,,,
,,,12405,1,,,,,,,
,,,12465,1,,,,,,,
,,,12525,1,,,,,,,
,,,12555,1,,,,,,,
,,,12765,1,,,,,,,
,,,13050,1,,,,,,,
,,,13575,1,,,,,,,
,,,13695,1,,,,,,,
,,,13725,1,,,,,,,
,,,13920,1,,,,,,,
,,,14205,1,,,,,,,
,,,14340,1,,,,,,,
,,,14700,1,,,,,,,
,,,14895,1,,,,,,,
,,,14925,1,,,,,,,
,,,15030,1,,,,,,,
,,,15345,1,,,,,,,
,,,15495,1,,,,,,,
,,,15630,1,,,,,,,
,,,15735,1,,,,,,,
,,,16245,1,,,,,,,
,,,16470,1,,,,,,,
,,,16560,1,,,,,,,
,,,16740,1,,,,,,,
,,,16755,1,,,,,,,
,,,16920,1,,,,,,,
,,,17565,1,,,,,,,
,,,17865,1,,,,,,,
,,,17895,1,,,,,,,
,,,18000,1,,,,,,,
,,,18405,1,,,,,,,
,,,18450,1,,,,,,,
,,,18600,1,,,,,,,
,,,18705,1,,,,,,,
,,,18885,1,,,,,,,
,,,18930,1,,,,,,,
,,,19200,1,,,,,,,
,,,19395,1,,,,,,,
,,,19620,1,,,,,,,
,,,20310,1,,,,,,,
,,,20430,1,,,,,,,
,,,20505,1,,,,,,,
,,,21210,1,,,,,,,
,,,21375,1,,,,,,,
,,,21705,1,,,,,,,
,,,22365,1,,,,,,,
,,,22695,1,,,,,,,
,,,22995,1,,,,,,,
,,,25695,1,,,,,,,
,,,25755,1,,,,,,,
,,,26640,1,,,,,,,
,,,27540,1,,,,,,,
,,,28095,1,,,,,,,
,,,30255,1,,,,,,,
,,,30720,1,,,,,,,
,,,32010,1,,,,,,,
,,,32085,1,,,,,,,
,,,32925,1,,,,,,,
,,,33390,1,,,,,,,
,,,34740,1,,,,,,,
,,,34770,1,,,,,,,
,,,35145,1,,,,,,,
,,,37245,1,,,,,,,
,,,38280,1,,,,,,,
,,,39105,1,,,,,,,
,,,39255,1,,,,,,,
,,,39945,1,,,,,,,
,,,40965,1,,,,,,,
,,,41805,1,,,,,,,
,,,42975,1,,,,,,,
,,,43200,1,,,,,,,
,,,43515,1,,,,,,,
,,,43740,1,,,,,,,
,,,43845,1,,,,,,,
,,,44820,1,,,,,,,
,,,45105,1,,,,,,,
,,,45675,1,,,,,,,
,,,48555,1,,,,,,,
,,,48825,1,,,,,,,
,,,51390,1,,,,,,,
,,,51450,1,,,,,,,
,,,51615,1,,,,,,,
,,,53550,1,,,,,,,
,,,54990,1,,,,,,,
,,,60735,1,,,,,,,
,,,63480,1,,,,,,,
,,,65415,1,,,,,,,
,,,65925,1,,,,,,,
,,,67500,1,,,,,,,
,,,69330,1,,,,,,,
,,,70515,1,,,,,,,
,,,74310,1,,,,,,,
,,,79755,1,,,,,,,
,,,82665,1,,,,,,,
,,,83820,1,,,,,,,
,,,92985,1,,,,,,,
,,,94875,1,,,,,,,
,,,95505,1,,,,,,,
,,,96930,1,,,,,,,
,,,97875,1,,,,,,,
,,,98220,1,,,,,,,
,,,103395,1,,,,,,,
,,,108135,1,,,,,,,
,,,108495,1,,,,,,,
,,,109410,1,,,,,,,
,,,110220,1,,,,,,,
,,,111285,1,,,,,,,
,,,112635,1,,,,,,,
,,,118920,1,,,,,,,
,,,126675,1,,,,,,,
,,,127665,1,,,,,,,
,,,129435,1,,,,,,,
,,,129885,1,,,,,,,
,,,131940,1,,,,,,,
,,,136305,1,,,,,,,
,,,138690,1,,,,,,,
,,,148305,1,,,,,,,
,,,150390,1,,,,,,,
,,,151170,1,,,,,,,
,,,154080,1,,,,,,,
,,,165615,1,,,,,,,
,,,169935,1,,,,,,,
,,,174975,1,,,,,,,
,,,177030,1,,,,,,,
,,,185160,1,,,,,,,
,,,186780,1,,,,,,,
,,,189420,1,,,,,,,
,,,196065,1,,,,,,,
,,,197100,1,,,,,,,
,,,205080,1,,,,,,,
,,,205470,1,,,,,,,
,,,207795,1,,,,,,,
,,,210165,1,,,,,,,
,,,214485,1,,,,,,,
,,,218760,1,,,,,,,
,,,218925,1,,,,,,,
,,,220335,1,,,,,,,
,,,220380,1,,,,,,,
,,,222045,1,,,,,,,
,,,223755,1,,,,,,,
,,,228915,1,,,,,,,
,,,232995,1,,,,,,,
,,,234390,1,,,,,,,
,,,243405,1,,,,,,,
,,,246525,1,,,,,,,
,,,248055,1,,,,,,,
,,,248460,1,,,,,,,
,,,252015,1,,,,,,,
,,,252225,1,,,,,,,
